layer,kv,win_primary,win3_primary,diffuse_primary,margin_3,margin_10,margin_25,margin_50,facility_3,kcenter_3,keydiff_cen_3,keydiff_unc_3,logdet_cen_3,facility_10,kcenter_10,keydiff_cen_10,keydiff_unc_10,logdet_cen_10,facility_25,kcenter_25,keydiff_cen_25,keydiff_unc_25,logdet_cen_25,facility_50,kcenter_50,keydiff_cen_50,keydiff_unc_50,logdet_cen_50,PR,spectral_tail,outlier_fraction,clusteredness
0,0,facility,facility,0,0.0135,0.1097,0.3703,4.5462,0.1224,0.1358,10.2379,1.3373,-0.2687,1.0059,1.1156,7.8491,1.4978,1.1200,11.0671,11.4375,7.1013,6.9267,16.2828,6.6145,11.1607,4.5764,3.6749,10.3580,3.0676,0.5038,0.0927,0.4091
0,1,facility,facility,0,0.0072,0.1090,0.0174,0.4590,0.2231,0.2304,122.6351,0.1572,-0.2182,2.9100,3.0190,686.8639,0.7200,3.3090,-5.7979,-5.8153,-864.0310,-2.2087,-6.8374,-0.3990,-0.8580,-11.6108,0.0343,-0.9841,1.4310,0.1704,0.1507,0.5023
0,2,kcenter,keydiff_cen,0,8.9745,0.2384,0.0140,0.9655,108.8443,99.8698,-1432.5281,-50.5588,144.8474,0.3329,0.0945,-21.5859,-1.7941,1.1065,-1.1087,-1.1227,-6.0244,-0.8504,-0.0591,-0.6750,-1.6405,-1.4480,-0.5334,-0.2138,2.7870,0.4757,0.0186,0.3322
0,3,kcenter,keydiff_cen,0,0.1727,0.1236,0.0215,0.8928,1.2187,1.0460,-123.9757,0.0262,1.1197,0.1577,0.0341,-32.4210,-0.2683,0.7888,-0.9295,-0.9510,-3.6528,-1.6764,0.4988,-1.1681,-0.2753,-2.9528,-1.8786,-1.1638,1.5275,0.2061,0.2626,0.7550
0,4,kcenter,keydiff_cen,0,0.2045,0.0099,0.0032,0.2751,0.6081,0.4036,-7.3453,-6.8780,0.6207,0.8530,0.8431,-0.6426,-0.0181,0.9183,0.6468,0.6436,-0.8790,0.0704,0.8192,0.8009,0.5258,0.3506,0.4691,0.6994,2.5182,0.4254,0.0189,0.3942
0,5,kcenter,keydiff_cen,0,0.0348,0.0452,0.0221,1.7410,0.4690,0.4341,-2.4365,-0.0311,0.4237,-0.1848,-0.2300,-2.3408,-0.0409,0.2952,-1.2210,-1.2430,-0.1182,-0.0792,0.0786,-0.1319,-1.8729,-0.2172,0.0081,-0.9776,2.0786,0.3720,0.0492,0.5697
0,6,facility,keydiff_cen,0,0.2656,0.3520,0.7188,2.7615,0.8505,1.1161,0.6121,2.5561,1.7949,-1.0319,-0.6799,-3.6887,-1.5121,-1.6564,34.6864,35.4053,87.3249,31.5606,29.2310,10.5139,13.2754,22.6282,11.1087,10.6993,1.9770,0.3060,0.0024,0.5430
0,7,facility,facility,0,0.1537,0.2935,0.1263,5.2811,1.7332,1.8869,21.9971,1.3415,0.0191,3.5422,3.8357,26.0484,2.6156,1.5139,5.6856,5.8119,15.2623,2.6051,2.3875,4.8642,10.1453,3.1468,2.1926,2.9489,3.5388,0.5249,0.0582,0.3406
1,0,kcenter,kcenter,0,0.9815,0.0021,0.0008,0.0012,1.0080,0.0265,1.4973,0.0307,0.0268,0.0434,0.0455,1.3307,0.0529,0.0482,0.0782,0.0774,0.7596,0.1008,0.0903,0.0706,0.0719,0.0984,0.0998,0.0868,7.9972,0.7388,0.0183,0.2119
1,1,kcenter,kcenter,0,0.9823,0.0006,0.0054,0.0037,1.0619,0.0795,3.4595,0.0950,0.0797,0.1086,0.1092,3.1489,0.1441,0.1106,0.1383,0.1437,2.8220,0.2011,0.1343,0.2160,0.2197,0.2797,0.2694,0.1604,7.2608,0.7267,0.0548,0.1944
1,2,kcenter,kcenter,0,1.4458,0.0088,0.0106,0.0119,1.5105,0.0647,2.7058,0.0630,0.0683,0.0762,0.0850,2.6946,0.0837,0.0920,0.0898,0.1003,2.7033,0.0900,0.1082,0.0909,0.1028,2.8888,0.0848,0.0932,27.0588,0.9076,0.0032,0.0739
1,3,kcenter,kcenter,0,0.3698,0.0001,0.0018,0.0064,0.3813,0.0115,5.4268,0.0157,0.0119,0.0215,0.0214,4.4589,0.0381,0.0217,0.0438,0.0455,4.1256,0.0766,0.0351,0.0718,0.0654,0.1337,0.0802,0.0418,7.1430,0.7046,0.0164,0.2387
1,4,kcenter,kcenter,0,0.8658,0.0057,0.0073,0.0284,0.8799,0.0141,1.8884,0.0146,0.0123,0.0475,0.0532,1.8244,0.0459,0.0458,0.1032,0.1105,0.1228,0.0878,0.0877,0.4765,0.5048,0.4214,0.3200,0.3964,7.4336,0.7258,0.0542,0.2170
1,5,kcenter,kcenter,0,1.0652,0.0001,0.0005,0.0016,1.0802,0.0150,1.5499,0.0159,0.0153,0.0268,0.0266,1.5940,0.0252,0.0248,0.0423,0.0428,1.7663,0.0391,0.0376,0.0778,0.0794,0.0790,0.0708,0.0619,7.5179,0.7092,0.0140,0.2362
1,6,kcenter,kcenter,1,1.9098,0.0146,0.0039,0.0043,1.8556,-0.0542,3.4438,-0.0088,-0.0535,-0.0665,-0.0811,3.9875,0.0199,-0.0706,-0.0390,-0.0430,3.4929,0.0271,-0.0375,0.0412,0.0455,3.7897,0.0193,0.0025,16.0707,0.8473,0.0497,0.1227
1,7,kcenter,kcenter,0,0.6150,0.0101,0.0232,0.0114,0.7734,0.1584,1.8410,0.1870,0.1685,0.3303,0.3405,2.7702,0.4242,0.3715,0.3532,0.3764,0.6116,0.4648,0.4041,0.4609,0.4724,0.6311,0.4111,0.4375,4.6505,0.5963,0.0033,0.3133
2,0,kcenter,kcenter,0,0.8281,0.0006,0.0061,0.0246,0.8967,0.0686,2.2597,0.0581,0.0675,0.1143,0.1137,2.4566,0.0957,0.1288,0.1788,0.1849,2.9842,0.1478,0.1721,0.6165,0.6411,7.8537,0.4081,0.4526,44.1883,0.9406,0.0007,0.0426
2,1,kcenter,kcenter,0,1.2612,0.0011,0.0096,0.0140,1.2997,0.0385,2.7961,0.0256,0.0386,0.0670,0.0659,3.4636,0.0429,0.0550,0.1235,0.1331,4.8417,0.0751,0.1220,0.4973,0.5113,14.3244,0.3313,0.5899,32.8451,0.8868,0.0018,0.0930
2,2,kcenter,kcenter,0,1.1851,0.0137,0.0038,0.0024,1.1980,0.0128,3.4107,0.0099,0.0138,0.0386,0.0248,4.9051,0.0212,0.0226,0.0551,0.0514,5.9739,0.0468,0.0419,0.3665,0.3642,0.3965,0.2614,0.2676,27.2907,0.8547,0.0235,0.1184
2,3,kcenter,kcenter,0,0.0133,0.0177,0.0051,0.0116,0.0996,0.0863,2.0813,0.0430,0.0788,0.1610,0.1433,2.0984,0.0725,0.0855,0.2920,0.2971,0.1500,0.1256,0.1467,0.6033,0.6148,0.1921,0.1685,0.2073,15.3559,0.8121,0.0115,0.1419
2,4,kcenter,kcenter,0,1.1217,0.0471,0.1530,0.0835,1.2222,0.1005,2.0377,0.0548,0.0816,0.1656,0.2127,2.8281,0.1267,0.1377,0.3364,0.4894,1.3862,0.2866,0.2546,1.1079,1.1913,0.8457,0.7161,0.6842,31.6184,0.9101,0.0034,0.0665
2,5,facility,facility,0,0.2743,0.1599,0.0346,0.0315,1.3632,1.6376,2.0337,0.0916,0.0719,0.2887,0.1287,2.5501,0.1502,0.1394,0.1512,0.1858,3.0033,0.1959,0.1786,0.6234,0.6548,11.2113,0.5811,0.5050,33.0841,0.9502,0.0002,0.0345
2,6,kcenter,kcenter,0,0.3378,0.0343,0.0675,0.4587,0.3345,-0.0032,3.5728,0.0122,-0.0030,0.0414,0.0071,4.8363,0.0408,0.0378,0.1589,0.0914,12.3958,0.2173,0.2057,1.2413,0.7826,55.1046,1.1991,1.0967,29.3793,0.8665,0.0135,0.1077
2,7,kcenter,kcenter,0,1.0721,0.0029,0.0032,0.0075,1.0892,0.0171,2.0968,0.0136,0.0176,0.0423,0.0393,1.4838,0.0310,0.0307,0.0866,0.0898,0.0687,0.0601,0.0612,0.7456,0.7531,0.4942,0.4357,0.4753,25.7393,0.8591,0.0405,0.1116
3,0,facility,facility,0,0.0187,0.0408,0.0816,0.3370,0.0778,0.0965,2.1595,0.0685,0.0633,0.1281,0.1689,2.3089,0.1444,0.1120,0.2042,0.2858,3.3337,0.2701,0.2001,0.4972,0.8342,0.7274,0.5274,0.3852,11.1190,0.7914,0.0170,0.1578
3,1,kcenter,kcenter,0,0.0016,0.0026,0.0034,0.0139,0.0169,0.0152,1.6735,0.0171,0.0155,0.0393,0.0367,2.1555,0.0433,0.0445,0.0839,0.0873,3.1261,0.0916,0.0994,0.3624,0.3764,6.2912,0.1951,0.4136,17.8428,0.8355,0.0004,0.1322
3,2,kcenter,kcenter,0,0.0026,0.0077,0.0037,0.0017,0.0126,0.0100,1.4387,0.0081,0.0099,0.0273,0.0195,1.6646,0.0199,0.0214,0.0364,0.0327,2.0143,0.0351,0.0351,0.1449,0.1432,0.1499,0.0884,0.0872,11.7327,0.7539,0.0054,0.2001
3,3,kcenter,kcenter,0,0.0005,0.0014,0.0049,0.0010,0.0096,0.0091,2.0447,0.0043,0.0043,0.0196,0.0182,2.5198,0.0124,0.0116,0.0876,0.0828,8.3273,0.0711,0.0630,0.1029,0.1018,7.8293,0.0829,0.0642,16.8789,0.8148,0.0038,0.1476
3,4,kcenter,kcenter,0,0.0181,0.0278,0.0617,0.2743,0.1368,0.1187,2.1593,0.0979,0.1088,0.1934,0.1656,2.1513,0.1542,0.1641,0.1885,0.2502,1.4479,0.1717,0.1732,0.4521,0.7264,0.4002,0.2944,0.2820,10.9972,0.7529,0.0028,0.1948
3,5,kcenter,kcenter,0,0.0013,0.0043,0.0014,0.0031,0.0570,0.0558,2.8439,0.0463,0.0558,0.0893,0.0850,2.8298,0.0750,0.0811,0.2046,0.2032,4.5740,0.1604,0.1678,0.3842,0.3810,0.2580,0.2181,0.2012,16.3566,0.8180,0.0119,0.1455
3,6,kcenter,kcenter,0,0.0039,0.0076,0.0113,0.0133,0.0132,0.0093,1.4974,0.0150,0.0095,0.0249,0.0173,1.6796,0.0302,0.0315,0.0870,0.0756,7.2114,0.1604,0.1765,0.2114,0.1980,13.0689,0.2215,0.2334,22.2200,0.8367,0.0077,0.1335
3,7,kcenter,kcenter,0,0.0020,0.0070,0.0065,0.0063,0.0202,0.0183,1.2269,0.0099,0.0165,0.0450,0.0380,1.8338,0.0228,0.0231,0.1706,0.1641,6.6763,0.0890,0.0919,0.3156,0.3093,0.1294,0.0986,0.1005,15.7395,0.7999,0.0009,0.1597
4,0,kcenter,kcenter,0,0.1796,0.0090,0.0487,0.3065,0.2694,0.0898,1.3803,0.0568,0.0729,0.1390,0.1480,1.8067,0.0844,0.1295,0.2316,0.2803,1.7204,0.1245,0.2049,0.6092,0.9157,0.2827,0.2473,0.3851,15.5218,0.8173,0.0142,0.1355
4,1,kcenter,kcenter,0,0.0164,0.0236,0.0100,0.0077,0.0615,0.0451,1.9570,0.0174,0.0183,0.1504,0.1268,3.1593,0.0415,0.0408,0.1856,0.1757,2.7921,0.0481,0.0460,0.5479,0.5402,3.8159,0.1114,0.1019,19.1070,0.8253,0.0029,0.1368
4,2,facility,facility,0,0.0001,0.0032,0.0040,0.0078,0.0502,0.0503,1.2992,0.0211,0.0206,0.1158,0.1126,2.1953,0.0575,0.0509,0.2231,0.2191,1.3467,0.1079,0.0962,0.6803,0.6726,0.2608,0.2550,0.2124,13.1621,0.7780,0.0330,0.1636
4,3,kcenter,kcenter,0,0.0019,0.0072,0.0230,0.0016,0.0968,0.0949,2.1498,0.1104,0.0943,0.1458,0.1530,2.4201,0.1710,0.1669,0.2600,0.2831,0.7504,0.2419,0.2471,0.4843,0.4859,0.2822,0.2514,0.2667,28.6445,0.9068,0.0085,0.0647
4,4,kcenter,kcenter,0,0.0030,0.0051,0.0039,0.0136,0.0428,0.0398,2.1204,0.0106,0.0120,0.0760,0.0709,2.7537,0.0262,0.0285,0.2094,0.2055,5.7740,0.0919,0.0955,0.2105,0.1969,3.9647,0.0829,0.0867,33.3894,0.8987,0.0030,0.0794
4,5,facility,facility,0,0.0303,0.0469,0.0468,0.0670,0.1576,0.1879,2.1256,0.0480,0.0582,0.2066,0.2535,1.9518,0.0572,0.0755,0.2477,0.2945,0.5305,0.0560,0.0689,0.3983,0.4654,0.0437,0.0530,0.0663,15.6400,0.8343,0.0219,0.1216
4,6,kcenter,kcenter,0,0.0495,0.0644,0.0937,0.2897,0.3021,0.2526,1.6083,0.0980,0.0957,0.3028,0.3672,1.7576,0.1434,0.1417,0.3296,0.4233,0.7673,0.1420,0.1465,0.5799,0.8696,0.2462,0.1802,0.2127,15.0528,0.8374,0.0146,0.1209
4,7,kcenter,kcenter,0,0.5390,0.0044,0.0278,0.0329,0.5976,0.0586,2.3143,0.0836,0.0561,0.1247,0.1291,3.0669,0.1389,0.1702,0.3191,0.3468,5.0360,0.2529,0.3049,0.7914,0.8242,5.3985,0.3702,0.3723,34.0445,0.8986,0.0007,0.0779
5,0,facility,facility,0,0.0200,0.0205,0.0301,0.0311,0.0205,0.0405,1.6890,0.0166,0.0177,0.0368,0.0573,1.5749,0.0268,0.0273,0.0754,0.1055,1.8773,0.0335,0.0401,0.1397,0.1709,0.0579,0.0281,0.0543,16.7732,0.8002,0.0018,0.1589
5,1,facility,facility,0,0.0247,0.0261,0.0545,0.1253,0.1312,0.1559,1.6626,0.1070,0.1343,0.1761,0.2022,1.7725,0.1481,0.1685,0.2390,0.2935,1.6783,0.1971,0.2372,0.7749,0.9002,0.5846,0.4543,0.5513,26.9191,0.8841,0.0047,0.0890
5,2,facility,facility,0,0.0130,0.0310,0.0871,0.1237,0.0982,0.1112,1.5075,0.0851,0.0901,0.1502,0.1812,1.5205,0.1079,0.1316,0.2303,0.3174,0.1393,0.1446,0.1871,0.4191,0.5428,0.1759,0.1804,0.2036,18.6261,0.8366,0.0421,0.1174
5,3,kcenter,kcenter,0,0.0042,0.0122,0.0096,0.0184,0.1213,0.1172,1.6743,0.0586,0.0766,0.1530,0.1407,1.6488,0.0635,0.0914,0.1916,0.1819,2.0440,0.0791,0.1126,0.4020,0.3836,0.1704,0.1395,0.1801,24.7785,0.8662,0.0008,0.1049
5,4,kcenter,kcenter,0,0.0041,0.0076,0.0032,0.0050,0.0367,0.0326,1.6117,0.0082,0.0317,0.0464,0.0388,1.2990,0.0125,0.0178,0.0503,0.0471,0.0298,0.0157,0.0261,0.2409,0.2358,0.1810,0.0699,0.1482,16.5308,0.8063,0.0100,0.1586
5,5,facility,facility,0,0.0709,0.0941,0.1853,0.2866,0.0416,0.1125,1.4968,0.0267,0.0283,0.0732,0.1673,1.5532,0.0398,0.0431,0.1974,0.3827,1.6741,0.0714,0.0844,0.5336,0.8202,0.1199,0.0877,0.1235,20.4940,0.8375,0.0084,0.1248
5,6,kcenter,kcenter,0,0.9657,0.0168,0.0005,0.0972,1.0527,0.0870,1.2777,0.0653,0.0885,0.1216,0.1048,1.4110,0.0635,0.1096,0.1189,0.1194,1.2012,0.0489,0.1064,0.2311,0.3283,0.0761,0.0696,0.1444,29.8958,0.8888,0.0167,0.0845
5,7,kcenter,kcenter,0,0.5183,0.0038,0.0587,0.4598,0.7238,0.2055,1.2872,0.1664,0.1910,0.2744,0.2706,1.2449,0.1967,0.2537,0.3170,0.3757,0.1886,0.1986,0.2677,0.6643,1.1241,0.3015,0.2707,0.4467,17.5185,0.8463,0.0054,0.1128
6,0,kcenter,kcenter,0,0.8612,0.0086,0.0058,0.0139,1.0082,0.1470,1.8308,0.1325,0.1502,0.2308,0.2223,2.0468,0.1942,0.2189,0.2910,0.2852,2.4319,0.2271,0.2843,0.7485,0.7346,6.5187,0.4582,0.6081,39.8169,0.9319,0.0056,0.0519
6,1,facility,facility,0,0.0005,0.0016,0.0049,0.0011,0.0436,0.0440,1.6783,0.0196,0.0220,0.0710,0.0725,1.5952,0.0310,0.0345,0.2332,0.2381,2.9971,0.0734,0.0841,0.5585,0.5596,0.1158,0.1075,0.1165,24.1207,0.8641,0.0035,0.1040
6,2,kcenter,kcenter,0,0.2961,0.0915,0.1897,0.2410,0.5249,0.2289,1.7747,0.1610,0.1687,0.2129,0.3044,2.0292,0.1866,0.2521,0.3667,0.5563,3.5442,0.3147,0.4415,0.5863,0.8272,1.6753,0.3921,0.5905,28.9339,0.8808,0.0014,0.0868
6,3,kcenter,kcenter,0,0.0041,0.0081,0.0089,0.0027,0.0702,0.0661,1.4642,0.0163,0.0355,0.0949,0.0868,1.5349,0.0231,0.0228,0.1208,0.1118,1.7143,0.0292,0.0265,0.3465,0.3439,0.1020,0.0605,0.0633,17.5112,0.8099,0.0029,0.1500
6,4,kcenter,kcenter,0,0.0193,0.0147,0.0081,0.0017,0.1419,0.1226,1.4122,0.0308,0.0800,0.1358,0.1211,1.4197,0.0205,0.0547,0.1765,0.1684,0.0314,0.0182,0.0487,0.3143,0.3125,0.0149,0.0207,0.0372,13.4498,0.8036,0.0502,0.1390
6,5,kcenter,kcenter,0,0.6100,0.0329,0.1645,0.3987,0.9254,0.3154,1.3172,0.1169,0.1969,0.3843,0.4173,1.4283,0.1010,0.2253,0.5451,0.7097,0.3527,0.1051,0.2652,0.5936,0.9923,0.0853,0.0786,0.1790,14.8996,0.8239,0.0046,0.1315
6,6,kcenter,kcenter,0,0.0045,0.0037,0.0138,0.0089,0.0841,0.0796,1.6944,0.0926,0.0898,0.1810,0.1773,2.2493,0.2042,0.1905,0.2867,0.3005,1.6777,0.3036,0.2904,0.6017,0.6106,0.4997,0.4374,0.4572,21.0746,0.8564,0.0027,0.1135
6,7,kcenter,kcenter,0,0.0012,0.0027,0.0012,0.0036,0.0516,0.0504,1.6473,0.0424,0.0508,0.0739,0.0712,1.6980,0.0519,0.0669,0.1053,0.1065,1.9732,0.0608,0.0808,0.4766,0.4802,0.2102,0.1819,0.2413,27.9176,0.8720,0.0030,0.0958
7,0,kcenter,kcenter,0,0.0051,0.0118,0.0525,0.3395,0.1177,0.1126,0.9300,0.0555,0.0755,0.1751,0.1633,1.1293,0.0809,0.1034,0.4104,0.3579,0.5540,0.1708,0.2326,0.8549,0.5153,0.2714,0.2102,0.3058,25.0488,0.8694,0.0063,0.0983
7,1,kcenter,kcenter,0,0.6584,0.0400,0.0605,0.1526,0.9597,0.3013,1.5374,0.2148,0.2662,0.2858,0.3257,1.5187,0.2034,0.3167,0.2996,0.3601,0.2361,0.1584,0.2964,0.4683,0.6208,0.1611,0.1382,0.3317,21.4132,0.8644,0.0027,0.0967
7,2,kcenter,kcenter,0,0.1063,0.0080,0.0106,0.0026,0.1983,0.0919,1.5656,0.0804,0.0921,0.1422,0.1343,1.5429,0.1039,0.1356,0.2150,0.2044,0.1982,0.1178,0.1856,0.4564,0.4589,0.2231,0.1506,0.3282,23.8318,0.8834,0.0032,0.0862
7,3,kcenter,kcenter,0,0.6528,0.0036,0.0672,0.3212,0.9186,0.2658,1.7966,0.2237,0.2594,0.3572,0.3536,1.9291,0.2357,0.3039,0.5375,0.6046,1.6102,0.2795,0.3968,0.9123,1.2335,0.2873,0.2821,0.4675,19.9729,0.8620,0.0036,0.1005
7,4,kcenter,kcenter,0,0.6232,0.0338,0.0298,0.0198,0.9657,0.3425,1.5299,0.2405,0.2144,0.2463,0.2801,1.5014,0.3284,0.2991,0.3095,0.3393,1.7076,0.3996,0.3412,0.4548,0.4746,2.7313,0.4201,0.3431,33.3359,0.9371,0.0220,0.0463
7,5,kcenter,kcenter,0,0.8123,0.0328,0.0212,0.0451,0.9787,0.1665,1.7870,0.1892,0.2040,0.2485,0.2157,1.6671,0.2432,0.2662,0.2769,0.2557,0.8666,0.2859,0.3318,0.5931,0.5480,0.6233,0.5317,0.6049,27.1295,0.8922,0.0070,0.0825
7,6,kcenter,kcenter,0,0.1360,0.0414,0.0409,0.0887,0.2600,0.1239,1.3536,0.0418,0.0463,0.2082,0.1668,1.3123,0.0509,0.0573,0.2818,0.2409,0.7538,0.0541,0.0603,0.6349,0.5461,0.0770,0.0632,0.0737,21.9460,0.8595,0.0036,0.1061
7,7,facility,facility,0,0.3697,0.4044,0.0032,0.0102,0.3098,0.6795,1.1341,0.1164,0.1271,0.3610,0.7654,1.3333,0.1246,0.1438,0.1731,0.1698,0.3257,0.1150,0.1242,0.1658,0.1556,0.0980,0.0995,0.1051,19.3532,0.8559,0.0188,0.1053
8,0,kcenter,kcenter,0,0.9776,0.0427,0.0415,0.0231,1.0948,0.1172,1.6806,0.1143,0.1260,0.1796,0.1369,1.5832,0.1153,0.1436,0.2525,0.2110,2.0845,0.1403,0.1771,0.6755,0.6524,4.6912,0.2329,0.3454,35.0515,0.9125,0.0026,0.0656
8,1,kcenter,kcenter,0,0.7051,0.0074,0.0086,0.0011,0.9708,0.2657,1.3157,0.2394,0.2678,0.3187,0.3113,1.2692,0.2232,0.3477,0.3055,0.2969,0.3296,0.1608,0.3271,0.5742,0.5731,0.2359,0.2103,0.5019,31.0635,0.8896,0.0023,0.0805
8,2,facility,facility,0,0.0043,0.0051,0.0139,0.0009,0.1690,0.1734,2.0051,0.1319,0.1351,0.2941,0.2992,2.2323,0.2097,0.2159,0.3609,0.3747,1.0679,0.1849,0.1965,0.5982,0.5973,0.1695,0.1839,0.1901,22.2946,0.8616,0.0047,0.1063
8,3,kcenter,kcenter,0,0.6275,0.0101,0.0677,0.0675,0.9006,0.2731,1.1018,0.2048,0.2892,0.4079,0.3978,0.2094,0.2294,0.4010,0.5836,0.6513,0.2168,0.2482,0.5287,0.7500,0.6825,0.1124,0.1574,0.4159,16.4862,0.8383,0.0092,0.1193
8,4,facility,facility,0,0.1676,0.3213,0.5774,0.8813,0.3413,0.5089,1.4631,0.2285,0.2108,0.5295,0.8508,2.4241,0.4361,0.3539,0.8875,1.4649,4.4384,0.7204,0.6315,1.1169,1.9982,1.2746,0.6471,0.6795,12.7405,0.7771,0.0167,0.1648
8,5,kcenter,kcenter,0,0.0418,0.0769,0.2040,0.1903,0.1864,0.1445,1.2126,0.0934,0.1011,0.1641,0.2410,0.5484,0.1383,0.1727,0.3884,0.5924,0.3582,0.3067,0.3882,0.6102,0.8005,0.3700,0.3168,0.4360,21.9255,0.8680,0.0045,0.0982
8,6,facility,facility,0,0.0985,0.0973,0.0048,0.0026,0.2386,0.3371,1.8293,0.0368,0.0398,0.2981,0.3954,1.6620,0.0519,0.0584,0.0791,0.0743,1.6998,0.0624,0.0717,0.0866,0.0840,0.0845,0.0665,0.0754,22.4384,0.8689,0.0019,0.0988
8,7,facility,facility,0,0.0000,0.0007,0.0014,0.0013,0.0253,0.0253,1.4860,0.0140,0.0147,0.0473,0.0480,1.4819,0.0233,0.0258,0.0950,0.0964,0.8252,0.0352,0.0395,0.2802,0.2815,0.0795,0.0605,0.0629,21.9104,0.8446,0.0202,0.1162
9,0,kcenter,kcenter,0,0.2057,0.0958,0.0951,0.1663,0.3302,0.1244,1.7212,0.1342,0.1213,0.2709,0.1751,1.4812,0.1817,0.1787,0.3244,0.2293,0.5595,0.2090,0.2177,0.5558,0.3895,0.2709,0.2664,0.2900,21.3291,0.8724,0.0117,0.0873
9,1,kcenter,kcenter,0,0.5123,0.0250,0.0289,0.2509,0.8191,0.3068,1.3147,0.2345,0.3084,0.4199,0.3949,0.9460,0.2487,0.3671,0.4562,0.4274,0.2468,0.2031,0.3779,1.3279,1.0770,0.2556,0.2305,0.5329,22.5716,0.8767,0.0042,0.0884
9,2,kcenter,kcenter,0,0.3993,0.0670,0.1235,0.5848,0.6736,0.2742,1.6576,0.2327,0.2802,0.3727,0.3058,0.9681,0.2796,0.3079,0.3978,0.2744,0.2163,0.2167,0.2394,1.2880,0.7032,0.3322,0.3422,0.3918,24.5179,0.8726,0.0114,0.0920
9,3,kcenter,kcenter,0,0.4527,0.0184,0.0060,0.0370,0.9087,0.4560,1.1936,0.2910,0.4020,0.5297,0.5113,0.5744,0.3298,0.4246,0.5598,0.5657,0.2506,0.2883,0.4025,0.7828,0.7458,0.1921,0.2242,0.3644,25.6700,0.8825,0.0031,0.0818
9,4,kcenter,kcenter,0,0.3557,0.1881,0.3597,0.8957,0.6373,0.2815,0.4137,0.1428,0.2915,0.5290,0.3408,0.1222,0.1226,0.2297,0.7156,0.3559,0.0884,0.0947,0.1922,1.3863,0.4907,0.0590,0.0747,0.1634,17.5142,0.8203,0.0210,0.1310
9,5,kcenter,kcenter,0,0.7707,0.1225,0.1105,0.4958,0.9941,0.2234,1.4502,0.2209,0.2380,0.3991,0.2766,1.5021,0.2422,0.3545,0.4416,0.3311,1.6140,0.2601,0.4206,1.1424,0.6467,0.5121,0.4653,0.7459,29.6414,0.8954,0.0083,0.0732
9,6,kcenter,kcenter,0,0.7954,0.0042,0.0117,0.0091,1.0071,0.2116,1.8051,0.2245,0.2255,0.2958,0.2916,1.9577,0.2825,0.3201,0.2833,0.2717,1.6235,0.2690,0.3136,0.6158,0.6067,1.0254,0.5147,0.6150,28.7295,0.9055,0.0103,0.0662
9,7,kcenter,kcenter,0,0.6309,0.0271,0.0039,0.1292,0.9633,0.3324,1.4580,0.3134,0.3137,0.3653,0.3382,1.4579,0.3250,0.3749,0.3910,0.3872,1.2141,0.3017,0.4203,0.5259,0.6551,0.4128,0.3275,0.5563,32.3438,0.9139,0.0030,0.0615
10,0,kcenter,kcenter,0,0.6526,0.0110,0.0195,0.0821,0.9075,0.2549,1.2154,0.2032,0.2348,0.2944,0.3054,1.2555,0.2284,0.2818,0.3220,0.3416,0.2244,0.2123,0.2798,0.4385,0.5205,0.1624,0.2020,0.2681,21.0053,0.8771,0.0068,0.0898
10,1,kcenter,kcenter,0,0.8441,0.0405,0.0841,0.4398,1.1174,0.2733,0.4255,0.0763,0.1170,0.2720,0.3126,0.1253,0.0822,0.1354,0.3702,0.4543,0.0898,0.1164,0.1835,0.7097,1.1494,0.1120,0.1626,0.2166,25.9637,0.8767,0.0104,0.0907
10,2,kcenter,kcenter,0,0.7196,0.4611,0.4133,0.3650,0.9433,0.2237,1.2526,0.2207,0.2376,0.7298,0.2687,1.2708,0.2368,0.2986,0.7172,0.3039,1.5056,0.2236,0.3066,0.7561,0.3911,1.0894,0.1849,0.2743,36.0647,0.9233,0.0009,0.0556
10,3,kcenter,kcenter,0,0.0089,0.0115,0.0212,0.0428,0.1178,0.1090,1.7937,0.0386,0.1104,0.1515,0.1400,1.8230,0.0584,0.0662,0.2681,0.2468,2.4043,0.1127,0.1260,0.3393,0.2965,0.1322,0.1178,0.1276,31.8357,0.8889,0.0099,0.0795
10,4,kcenter,kcenter,0,0.1541,0.2723,0.0650,0.0063,0.7969,0.6428,1.2622,0.1469,0.2805,0.4278,0.7001,0.1721,0.1114,0.2471,0.3527,0.2878,0.0981,0.1019,0.1867,0.2949,0.2886,0.0588,0.0773,0.1346,16.7698,0.8488,0.0415,0.1066
10,5,kcenter,kcenter,0,0.7391,0.9392,0.7796,0.6663,0.9072,0.1681,1.3296,0.2150,0.1747,1.1768,0.2376,1.3136,0.2189,0.3194,1.1514,0.3718,1.3090,0.2157,0.3740,1.4568,0.7906,0.2515,0.2161,0.4453,32.2606,0.8993,0.0025,0.0725
10,6,kcenter,kcenter,0,0.7849,0.2797,0.2438,0.1866,1.0552,0.2703,1.4768,0.2934,0.2812,0.5587,0.2790,1.4934,0.2780,0.3774,0.5598,0.3160,1.7759,0.2475,0.3825,0.5484,0.3619,0.4550,0.1718,0.2642,26.9047,0.8922,0.0020,0.0752
10,7,facility,facility,0,0.0480,0.0452,0.1014,0.1846,0.5279,0.5759,1.1521,0.0883,0.0985,0.5648,0.6100,1.2453,0.1037,0.1216,0.7799,0.8813,0.1357,0.1419,0.1716,1.8199,2.0045,0.2023,0.2568,0.2921,20.7415,0.8627,0.0159,0.0998
11,0,kcenter,kcenter,0,0.6058,0.0395,0.0274,0.0182,0.8926,0.2867,1.5057,0.2432,0.2583,0.3551,0.3946,0.5360,0.3303,0.3333,0.5058,0.4784,0.5457,0.3992,0.4475,0.6249,0.6066,0.5780,0.4039,0.4824,17.6701,0.8622,0.0153,0.0914
11,1,kcenter,kcenter,0,0.4689,0.0075,0.0589,0.1583,0.7598,0.2909,1.3200,0.2113,0.2677,0.3866,0.3791,0.6804,0.2770,0.3320,0.5506,0.6095,0.3726,0.3766,0.4823,0.5829,0.7412,0.2776,0.2887,0.4165,25.7072,0.8810,0.0088,0.0813
11,2,kcenter,kcenter,0,0.5068,0.1766,0.1286,0.3950,0.6484,0.1416,1.3531,0.1099,0.1400,0.3958,0.2191,0.7973,0.1780,0.1712,0.4395,0.3109,0.5951,0.2294,0.2313,0.7318,0.3368,0.2377,0.2070,0.2106,31.5558,0.9045,0.0099,0.0689
11,3,kcenter,kcenter,0,0.6623,0.1103,0.0049,0.0237,0.8615,0.1992,1.2020,0.2045,0.1883,0.3759,0.2657,1.1812,0.2861,0.2825,0.2823,0.2872,0.5012,0.3239,0.3279,0.5104,0.5341,0.5434,0.5407,0.5454,32.7656,0.9099,0.0120,0.0626
11,4,kcenter,kcenter,0,0.0087,0.0736,0.0946,0.1111,0.2654,0.2567,1.6295,0.1705,0.1871,0.2501,0.3237,1.6542,0.2388,0.2341,0.2961,0.3907,0.7588,0.2461,0.2492,0.5514,0.6626,0.3066,0.3178,0.3228,29.8794,0.9002,0.0033,0.0730
11,5,kcenter,kcenter,0,0.0052,0.0632,0.0657,0.0139,0.8837,0.8785,1.5694,0.6544,0.7332,0.7704,0.7072,1.5138,0.6517,0.7140,0.7837,0.7179,1.2616,0.5680,0.6592,0.8091,0.7951,0.7131,0.4390,0.5125,32.3665,0.9193,0.0004,0.0552
11,6,kcenter,kcenter,0,0.0658,0.0251,0.0033,0.0062,0.2241,0.1583,0.9414,0.0845,0.0991,0.1596,0.1847,0.6977,0.0975,0.1105,0.1595,0.1562,0.0909,0.1103,0.1252,0.2511,0.2450,0.1235,0.1635,0.1766,18.0701,0.8298,0.0244,0.1170
11,7,kcenter,kcenter,0,0.6383,0.0280,0.0125,0.1818,0.9485,0.3102,1.4181,0.2613,0.3085,0.3751,0.3470,1.4581,0.3049,0.3838,0.4963,0.4838,0.8301,0.3934,0.4979,0.8472,0.6653,0.3918,0.3812,0.5607,24.1214,0.8828,0.0040,0.0838
12,0,kcenter,kcenter,0,0.0007,0.0006,0.0105,0.0140,0.0727,0.0720,1.4975,0.0862,0.0869,0.1334,0.1340,1.9074,0.1438,0.1490,0.2175,0.2280,0.8346,0.2010,0.1984,0.8318,0.8459,0.6779,0.6555,0.6182,23.8814,0.8608,0.0074,0.1042
12,1,kcenter,kcenter,0,0.7334,0.0156,0.0202,0.0500,1.0166,0.2832,1.4905,0.1274,0.1232,0.1629,0.1784,1.4503,0.1780,0.1889,0.2258,0.2460,1.7301,0.2209,0.2421,0.7663,0.8162,6.7020,0.5545,0.6162,32.0582,0.9397,0.0176,0.0432
12,2,kcenter,kcenter,0,0.5563,0.0453,0.0831,0.3266,0.9179,0.3615,1.4251,0.3540,0.3721,0.4121,0.3668,1.3782,0.3601,0.4218,0.4471,0.3640,1.6999,0.3704,0.4278,0.7569,0.4303,2.4897,0.3293,0.4338,30.9711,0.9200,0.0040,0.0546
12,3,kcenter,kcenter,0,0.6740,0.0586,0.0869,0.1752,1.0287,0.3547,1.6021,0.2237,0.3065,0.3620,0.4206,1.7721,0.2704,0.3014,0.3390,0.4260,0.7938,0.2405,0.2739,0.4208,0.5959,0.2430,0.2298,0.2849,27.8889,0.8881,0.0022,0.0747
12,4,kcenter,kcenter,0,0.3111,0.1223,0.0235,0.0225,0.8261,0.5150,1.7190,0.4267,0.5150,0.7121,0.5897,1.7547,0.4484,0.5324,0.6346,0.6580,1.1218,0.4378,0.5499,1.1253,1.1028,0.8119,0.4146,0.6352,25.7373,0.8933,0.0037,0.0726
12,5,kcenter,kcenter,0,0.5728,0.1532,0.0219,0.4231,0.9608,0.3881,1.4031,0.3002,0.3813,0.6111,0.4578,1.5241,0.3671,0.4320,0.5836,0.5618,1.7748,0.3871,0.4962,1.3405,0.9174,1.1815,0.4259,0.6631,23.7287,0.8855,0.0045,0.0783
12,6,kcenter,kcenter,0,0.4188,0.1783,0.0183,0.1684,0.8997,0.4809,1.4187,0.4350,0.4995,0.7005,0.5222,1.3256,0.4599,0.5214,0.5553,0.5735,0.8845,0.4172,0.4940,0.6257,0.7941,0.4160,0.3823,0.4829,23.7462,0.8763,0.0033,0.0850
12,7,kcenter,kcenter,0,0.8019,0.1551,0.0725,0.2566,1.0799,0.2780,1.5694,0.2286,0.2785,0.4561,0.3010,1.2212,0.2429,0.3099,0.3794,0.3069,0.3554,0.2477,0.3230,0.6844,0.4278,0.3100,0.2964,0.3890,31.6686,0.9058,0.0050,0.0665
13,0,kcenter,kcenter,0,0.1124,0.0400,0.0490,0.0967,0.4141,0.3017,1.4265,0.2243,0.2953,0.3939,0.3539,0.6880,0.2679,0.3476,0.6176,0.5686,0.3332,0.3843,0.4747,0.8983,0.8016,0.2782,0.3520,0.4703,22.6820,0.8664,0.0181,0.0958
13,1,kcenter,kcenter,0,0.5476,0.1793,0.0177,0.0475,0.9228,0.3752,1.7561,0.3663,0.3633,0.6161,0.4368,1.9397,0.4431,0.4061,0.4247,0.4423,2.0197,0.4240,0.3884,0.4857,0.5333,1.0716,0.3828,0.3654,29.4987,0.9082,0.0005,0.0624
13,2,kcenter,kcenter,0,0.3009,0.0093,0.0417,0.0852,0.5625,0.2616,1.0574,0.1535,0.2351,0.4502,0.4409,0.2255,0.2424,0.3752,0.5660,0.5243,0.1699,0.2470,0.3996,1.0466,0.9614,0.2041,0.3215,0.5454,21.9709,0.8623,0.0145,0.0931
13,3,kcenter,kcenter,0,0.7262,0.3715,0.0266,0.1516,1.1704,0.4442,1.4580,0.1210,0.1389,0.6498,0.2783,0.5724,0.1872,0.2141,0.3585,0.3318,0.2881,0.1906,0.2208,0.9942,0.8426,0.4200,0.3084,0.4377,26.0193,0.8833,0.0057,0.0821
13,4,kcenter,kcenter,0,0.6055,0.1801,0.1123,0.0341,0.9266,0.3212,1.3462,0.2181,0.2466,0.5982,0.4181,0.7453,0.2777,0.3148,0.4280,0.5403,0.2947,0.3357,0.3931,0.7356,0.7015,0.3124,0.3882,0.5347,22.4198,0.8638,0.0052,0.0904
13,5,kcenter,kcenter,0,0.6188,0.0189,0.0576,0.1550,0.8851,0.2663,1.2537,0.2151,0.2690,0.3548,0.3737,1.1511,0.2927,0.3740,0.4360,0.4936,0.3694,0.3178,0.4410,0.7995,0.9544,0.3896,0.4143,0.6091,24.7945,0.8850,0.0086,0.0809
13,6,kcenter,kcenter,0,0.6595,0.1456,0.0559,0.1352,1.1192,0.4597,1.3521,0.3227,0.3557,0.6590,0.5135,1.0874,0.3824,0.4031,0.5822,0.6381,0.6828,0.4273,0.4932,0.6876,0.8228,0.3521,0.3888,0.4609,24.8594,0.8866,0.0015,0.0761
13,7,kcenter,kcenter,0,0.8208,0.7497,0.5218,0.4800,0.9633,0.1425,1.4849,0.1117,0.1340,0.9358,0.1861,1.4295,0.1223,0.1588,0.7593,0.2375,0.8790,0.1144,0.1494,0.9354,0.4554,0.1303,0.1309,0.1708,36.8296,0.9134,0.0204,0.0581
14,0,kcenter,kcenter,0,0.5110,0.1211,0.0346,0.0141,0.8726,0.3616,1.6221,0.3795,0.4061,0.5439,0.4228,1.2666,0.4199,0.4916,0.4336,0.3991,0.6239,0.3599,0.4524,0.4486,0.4345,0.3093,0.2875,0.3750,27.0633,0.9034,0.0042,0.0673
14,1,kcenter,kcenter,0,0.6105,0.0183,0.0285,0.0228,0.8918,0.2813,1.0689,0.3010,0.2840,0.4528,0.4711,0.9082,0.5067,0.4854,0.4865,0.5150,0.7560,0.5589,0.5567,0.6390,0.6162,0.8512,0.5821,0.5919,17.8204,0.8705,0.0140,0.0880
14,2,kcenter,kcenter,0,0.5647,0.1973,0.0953,0.2905,0.8919,0.3272,1.5045,0.2983,0.3079,0.5648,0.3675,0.5931,0.3340,0.3558,0.5520,0.4567,0.5984,0.3730,0.4357,1.0395,0.7489,0.4810,0.4362,0.5603,28.6080,0.9031,0.0038,0.0660
14,3,kcenter,kcenter,0,0.1566,0.2172,0.1957,0.1139,0.8261,0.6694,1.0143,0.2611,0.3596,0.4207,0.6378,0.4278,0.2423,0.3498,0.5452,0.7409,0.2198,0.2693,0.3569,0.9960,1.1099,0.2492,0.2913,0.3819,25.2640,0.8779,0.0184,0.0805
14,4,kcenter,kcenter,0,0.7146,0.0085,0.0018,0.0151,0.9279,0.2134,1.7618,0.2331,0.2150,0.3664,0.3749,2.3304,0.4081,0.3820,0.5647,0.5629,1.5621,0.6277,0.6090,0.8001,0.7850,1.2529,0.7601,0.7545,30.5716,0.9085,0.0118,0.0625
14,5,kcenter,kcenter,0,0.4621,0.0531,0.0003,0.0619,0.8903,0.4282,1.3475,0.4497,0.4434,0.6538,0.6007,1.8224,0.6432,0.6244,0.5887,0.5890,1.2549,0.5745,0.6278,0.9352,0.8732,1.4196,0.7264,0.8562,22.6944,0.8811,0.0058,0.0815
14,6,kcenter,kcenter,0,0.5709,0.1260,0.0347,0.0472,1.0287,0.4578,1.7565,0.4702,0.4779,0.6324,0.5064,1.8656,0.5100,0.5243,0.4996,0.4649,1.5799,0.4276,0.4712,0.5542,0.5070,0.5251,0.3473,0.4036,26.8422,0.9005,0.0022,0.0672
14,7,kcenter,kcenter,0,0.7235,0.0126,0.0499,0.1646,0.9672,0.2437,1.6069,0.2274,0.2393,0.3893,0.4019,1.9330,0.3771,0.3957,0.4678,0.5177,0.8862,0.4381,0.4624,0.6238,0.7885,0.7991,0.4933,0.5549,29.6351,0.8999,0.0120,0.0682
15,0,kcenter,kcenter,0,0.4508,0.0248,0.0510,0.1233,0.9032,0.4524,1.6011,0.3997,0.4345,0.4737,0.4985,1.7200,0.4767,0.5263,0.5810,0.6320,0.6131,0.4766,0.5852,0.6799,0.8032,0.3141,0.3217,0.4990,21.8125,0.8668,0.0047,0.0943
15,1,kcenter,kcenter,0,0.5104,0.0580,0.0212,0.1332,0.8826,0.3723,1.1665,0.2928,0.3995,0.5467,0.4887,1.0289,0.3816,0.5400,0.5321,0.5533,0.6547,0.3351,0.5472,0.7242,0.8574,0.3367,0.2774,0.5313,23.5373,0.8835,0.0071,0.0840
15,2,kcenter,kcenter,0,0.1925,0.0646,0.0555,0.1382,0.9112,0.7187,1.8004,0.6498,0.6462,0.8202,0.7556,1.9713,0.7549,0.7157,0.7478,0.6923,1.9088,0.6236,0.6837,0.5767,0.7149,1.1184,0.4533,0.5732,24.7906,0.8896,0.0015,0.0749
15,3,kcenter,kcenter,0,0.1748,0.0064,0.0681,0.2188,0.2843,0.1095,1.1316,0.0846,0.0937,0.1378,0.1442,0.8141,0.1084,0.1187,0.2108,0.2789,0.3702,0.1640,0.1892,0.2530,0.4718,0.1716,0.1593,0.1873,22.7614,0.8550,0.0218,0.0994
15,4,kcenter,kcenter,0,0.3592,0.1583,0.0739,0.3584,0.8894,0.5302,1.6206,0.4518,0.4582,0.7124,0.5541,1.5069,0.4953,0.4774,0.4705,0.5444,0.9963,0.3872,0.4625,0.5354,0.8937,0.6304,0.3354,0.5086,25.0626,0.8915,0.0065,0.0731
15,5,kcenter,kcenter,0,0.6203,0.0542,0.1103,0.1885,0.9855,0.3651,1.8789,0.1980,0.2119,0.3814,0.3272,2.1427,0.2838,0.3072,0.4704,0.5807,3.5106,0.4442,0.4715,0.5902,0.7786,3.3054,0.3913,0.4450,32.4646,0.8986,0.0060,0.0764
15,6,kcenter,kcenter,0,0.7298,0.0117,0.0201,0.0802,0.9062,0.1764,1.3602,0.1738,0.1754,0.2401,0.2285,1.4698,0.2371,0.2352,0.2508,0.2307,1.4755,0.2330,0.2478,0.4460,0.3658,2.4608,0.3472,0.3895,33.0347,0.9194,0.0140,0.0541
15,7,kcenter,kcenter,0,0.2743,0.0272,0.0734,0.2581,0.8418,0.5675,1.3435,0.4856,0.5400,0.6142,0.5870,0.8196,0.4515,0.5847,0.5251,0.5985,0.4725,0.3659,0.5273,0.6195,0.8776,0.2205,0.2505,0.5048,22.1456,0.8811,0.0036,0.0832
16,0,kcenter,kcenter,0,0.5996,0.0156,0.0731,0.0676,0.9781,0.3785,1.4234,0.2283,0.3767,0.4725,0.4569,0.5953,0.2962,0.3543,0.5106,0.5837,0.4111,0.3484,0.4379,1.1467,1.2143,0.5143,0.5466,0.6483,28.4737,0.8980,0.0083,0.0680
16,1,kcenter,kcenter,0,0.5137,0.0590,0.0489,0.1553,0.9407,0.4271,1.3709,0.4147,0.4424,0.5382,0.4792,0.7757,0.4548,0.4997,0.5977,0.5489,0.6104,0.4236,0.5120,0.4808,0.6361,0.3150,0.2885,0.4169,23.6562,0.8822,0.0041,0.0805
16,2,kcenter,kcenter,0,0.6941,0.0470,0.0745,0.3178,0.8885,0.1944,1.2200,0.1131,0.1477,0.2954,0.2484,0.3521,0.1422,0.1846,0.2197,0.2941,0.1759,0.1353,0.1781,0.4184,0.7361,0.2246,0.1629,0.2317,28.0636,0.8947,0.0052,0.0728
16,3,kcenter,kcenter,0,0.4464,0.1521,0.0013,0.0942,0.8895,0.4431,1.8397,0.4507,0.4557,0.6580,0.5059,2.0142,0.5528,0.5170,0.5546,0.5533,2.4073,0.5684,0.5483,0.7902,0.6960,3.1167,0.5470,0.5857,25.9018,0.8980,0.0005,0.0690
16,4,kcenter,kcenter,0,0.7611,0.0036,0.0456,0.1830,0.9722,0.2111,1.5608,0.1781,0.2217,0.2854,0.2890,1.6201,0.2230,0.2835,0.3560,0.4016,1.6029,0.2346,0.3425,0.4132,0.5962,0.6639,0.2089,0.3381,31.1701,0.9074,0.0103,0.0648
16,5,kcenter,kcenter,0,0.5181,0.0597,0.0685,0.0670,0.8707,0.3526,1.2317,0.2784,0.3132,0.4348,0.3751,1.3409,0.3349,0.3576,0.4008,0.4693,0.8515,0.3503,0.4030,0.7219,0.7889,0.5726,0.3676,0.4872,24.6438,0.8886,0.0043,0.0757
16,6,kcenter,kcenter,0,0.5547,0.0342,0.0042,0.1205,0.8949,0.3403,0.9953,0.2916,0.3398,0.4087,0.3745,0.4169,0.2758,0.3557,0.4177,0.4218,0.2276,0.2550,0.3581,0.4339,0.5544,0.1800,0.1993,0.2958,26.2971,0.8959,0.0051,0.0704
16,7,kcenter,kcenter,0,0.4936,0.1324,0.2435,0.2348,0.8442,0.3506,1.5089,0.3070,0.3216,0.5480,0.4156,1.6979,0.3713,0.3680,0.7579,0.5144,1.9741,0.3946,0.4057,0.4387,0.6735,1.0337,0.3232,0.3554,30.8232,0.9098,0.0013,0.0613
17,0,kcenter,kcenter,0,0.8435,0.0509,0.0252,0.1305,1.1537,0.3102,1.4707,0.2213,0.3064,0.4582,0.4073,0.8635,0.2862,0.3387,0.3911,0.4164,0.3958,0.2302,0.2932,0.5938,0.7243,0.2112,0.2101,0.3090,24.8168,0.8898,0.0077,0.0747
17,1,kcenter,kcenter,0,0.3943,0.0427,0.0849,0.2670,0.5789,0.1846,0.8448,0.0962,0.1223,0.2419,0.1991,0.3529,0.1129,0.1332,0.2679,0.3527,0.1864,0.1729,0.2153,0.3780,0.6451,0.1896,0.1817,0.2364,28.3420,0.8909,0.0164,0.0767
17,2,kcenter,kcenter,0,0.0125,0.0257,0.0424,0.0987,0.1283,0.1158,1.4525,0.0958,0.1143,0.2228,0.1971,1.6606,0.1580,0.1609,0.2915,0.2491,1.1206,0.1907,0.1968,0.4304,0.3318,0.5044,0.2102,0.2090,34.6223,0.8965,0.0065,0.0787
17,3,kcenter,kcenter,0,0.6635,0.1052,0.0172,0.0093,1.0950,0.4314,1.3330,0.1175,0.1392,0.5891,0.4839,1.4516,0.1446,0.2316,0.5226,0.5398,1.0342,0.1721,0.2623,0.9538,0.9631,0.2552,0.2330,0.3540,35.6419,0.9138,0.0089,0.0598
17,4,kcenter,kcenter,0,0.8507,0.1183,0.0306,0.0459,1.0726,0.2219,1.6052,0.1725,0.2016,0.3687,0.2504,1.8199,0.2247,0.2666,0.2515,0.2822,0.7933,0.2254,0.2841,0.3986,0.4445,0.2501,0.2314,0.2830,30.2995,0.8881,0.0007,0.0846
17,5,kcenter,kcenter,0,0.3162,0.0757,0.0362,0.0875,0.5994,0.2832,1.3239,0.0876,0.1491,0.3790,0.3033,1.2756,0.1019,0.1700,0.3413,0.3051,1.1093,0.1077,0.1670,0.4996,0.4121,1.1267,0.1434,0.1913,34.6018,0.9008,0.0286,0.0627
17,6,kcenter,kcenter,0,0.5061,0.0366,0.0709,0.1777,0.9031,0.3970,1.4967,0.3800,0.3692,0.4827,0.4461,1.5466,0.4530,0.4366,0.5214,0.5924,2.0975,0.5425,0.5323,0.5435,0.7212,0.9194,0.4273,0.4418,29.9116,0.9151,0.0039,0.0587
17,7,kcenter,kcenter,0,0.6083,0.0356,0.0774,0.1293,0.7736,0.1653,1.4378,0.1134,0.1130,0.2211,0.2568,1.5728,0.1940,0.1946,0.3020,0.3794,0.9161,0.2583,0.2736,0.3361,0.4653,0.3714,0.2249,0.2723,26.6571,0.8895,0.0087,0.0784
18,0,kcenter,kcenter,0,0.7691,0.0370,0.0269,0.0162,0.9856,0.2165,1.3584,0.2003,0.2653,0.2879,0.3249,1.3529,0.2988,0.3308,0.3999,0.4267,1.7204,0.3820,0.4330,0.6634,0.6797,1.4856,0.5605,0.6560,33.0595,0.9266,0.0204,0.0492
18,1,kcenter,kcenter,0,0.4236,0.0524,0.0154,0.1503,0.9380,0.5144,0.8313,0.4422,0.6033,0.5758,0.5235,0.5076,0.3863,0.5553,0.5956,0.5802,0.4127,0.3290,0.4538,0.8864,1.0367,0.3046,0.2913,0.4276,21.9898,0.8704,0.0145,0.0932
18,2,kcenter,kcenter,0,0.7191,0.0950,0.0224,0.0445,0.9694,0.2502,1.4072,0.2209,0.2573,0.3586,0.2636,1.2165,0.2246,0.2874,0.2875,0.2651,0.7103,0.2235,0.3012,0.6195,0.5751,0.4891,0.4164,0.5659,33.8320,0.9162,0.0082,0.0583
18,3,kcenter,kcenter,0,0.7618,0.0043,0.0920,0.2913,1.0053,0.2435,0.6322,0.1870,0.2569,0.2974,0.3017,0.2552,0.1863,0.2615,0.2798,0.3718,0.1102,0.0925,0.2057,0.3546,0.6458,0.0466,0.0472,0.1539,22.2752,0.8645,0.0098,0.0996
18,4,kcenter,kcenter,0,0.5258,0.0436,0.0981,0.5075,0.8976,0.3718,1.8131,0.2755,0.3404,0.5063,0.4627,2.2179,0.3608,0.4305,0.6930,0.5949,1.1716,0.4027,0.4918,0.6383,1.1458,0.8592,0.4204,0.5261,33.2763,0.9149,0.0054,0.0577
18,5,kcenter,kcenter,0,0.7346,0.0226,0.0011,0.0690,0.9153,0.1807,1.1859,0.1721,0.1826,0.3136,0.2910,1.5384,0.2889,0.2871,0.3550,0.3561,0.9495,0.3155,0.3407,0.3539,0.4229,0.5900,0.2700,0.3240,30.8018,0.9114,0.0067,0.0615
18,6,kcenter,kcenter,0,0.7279,0.0315,0.0802,0.2502,0.9128,0.1849,1.2778,0.1168,0.1591,0.2363,0.2678,1.4527,0.1525,0.1969,0.2762,0.3564,0.3742,0.1326,0.1819,0.4266,0.6768,0.1423,0.1182,0.1816,33.1001,0.9130,0.0034,0.0638
18,7,kcenter,kcenter,0,0.3939,0.0082,0.1625,0.5734,0.8746,0.4808,1.7686,0.3732,0.3832,0.6231,0.6149,1.9680,0.4410,0.4493,0.5664,0.7289,2.4002,0.4479,0.4731,0.7511,1.3245,1.6066,0.5225,0.5803,35.4201,0.9245,0.0001,0.0512
19,0,kcenter,kcenter,0,0.7707,0.0854,0.1337,0.4027,0.9159,0.1452,1.5558,0.0772,0.0985,0.3816,0.2962,2.0689,0.1292,0.1644,0.3287,0.4624,2.1615,0.1432,0.1908,0.3427,0.7453,0.4300,0.1318,0.1726,36.7176,0.9069,0.0086,0.0651
19,1,kcenter,kcenter,0,0.7536,0.0879,0.2028,0.5930,1.0752,0.3215,0.5712,0.2025,0.3347,0.2729,0.3608,0.2743,0.1806,0.2686,0.3554,0.5582,0.1561,0.1432,0.3258,0.4839,1.0769,0.0837,0.0910,0.3341,22.9053,0.8759,0.0046,0.0902
19,2,kcenter,kcenter,0,0.6643,0.0355,0.0169,0.0239,1.0404,0.3761,1.5882,0.3131,0.3662,0.5063,0.4709,1.7402,0.4278,0.4359,0.4677,0.4846,1.0072,0.4426,0.4365,0.6718,0.6957,0.6364,0.4960,0.4885,24.1049,0.9012,0.0027,0.0677
19,3,kcenter,kcenter,0,0.6279,0.0406,0.1811,0.3688,1.0251,0.3973,1.6056,0.2926,0.3500,0.4846,0.4441,0.6604,0.3495,0.3861,0.4899,0.6711,0.5732,0.3611,0.4476,0.5176,0.8864,0.3044,0.2442,0.3987,26.0084,0.8960,0.0055,0.0697
19,4,kcenter,kcenter,0,0.6202,0.0860,0.0028,0.1528,0.9845,0.3644,1.4810,0.3288,0.3382,0.4858,0.3998,1.2835,0.3944,0.3974,0.5152,0.5180,0.9797,0.4104,0.4733,0.8677,0.7149,0.5137,0.4528,0.5339,28.2035,0.9127,0.0012,0.0584
19,5,kcenter,kcenter,0,0.1386,0.0457,0.0478,0.0197,0.3330,0.1944,1.1562,0.0664,0.1151,0.2729,0.2273,0.3838,0.0801,0.1208,0.3368,0.2889,0.3018,0.0970,0.1255,0.2194,0.2390,0.0902,0.0937,0.1179,31.6413,0.8941,0.0288,0.0774
19,6,kcenter,kcenter,0,0.8374,0.1720,0.1863,0.2714,0.9079,0.0706,1.4830,0.0248,0.0540,0.2704,0.0984,1.6186,0.0396,0.0502,0.3363,0.1500,0.4745,0.0523,0.0612,0.5537,0.2823,0.0576,0.0626,0.0662,34.6020,0.8989,0.0197,0.0703
19,7,kcenter,kcenter,0,0.9077,0.0827,0.0370,0.0293,1.1206,0.2129,1.2710,0.1359,0.2268,0.3763,0.2936,0.2781,0.1045,0.2370,0.3023,0.2653,0.0853,0.0740,0.2108,0.4979,0.4686,0.0749,0.0680,0.2169,22.4103,0.8714,0.0139,0.0932
20,0,kcenter,kcenter,0,0.9594,0.0047,0.1106,0.9262,1.2212,0.2619,1.2949,0.1791,0.2278,0.2756,0.2803,0.7472,0.1796,0.2406,0.2983,0.4089,0.2283,0.1719,0.2507,0.5434,1.4696,0.2104,0.2445,0.3976,27.6643,0.8948,0.0043,0.0722
20,1,kcenter,kcenter,0,0.9234,0.0072,0.0062,0.0184,1.0042,0.0808,0.9533,0.0626,0.0818,0.1165,0.1093,0.7978,0.0846,0.0957,0.1481,0.1419,0.9637,0.1054,0.1190,0.1861,0.1678,0.4475,0.1082,0.1230,37.1337,0.9078,0.0068,0.0724
20,2,kcenter,kcenter,0,0.6577,0.0443,0.0524,0.2524,0.9833,0.3256,1.2080,0.2475,0.2803,0.3770,0.4213,0.7929,0.2930,0.3637,0.5773,0.6297,0.7290,0.3518,0.4562,0.7205,0.9729,0.4218,0.3045,0.4301,28.4040,0.9028,0.0040,0.0677
20,3,kcenter,kcenter,0,0.8485,0.0597,0.1190,0.3035,1.0075,0.1590,0.4429,0.1074,0.1211,0.1796,0.2393,0.2246,0.1557,0.1769,0.5081,0.6271,0.4829,0.3486,0.4170,0.6271,0.9306,0.4077,0.3371,0.3677,27.9811,0.8884,0.0005,0.0832
20,4,kcenter,kcenter,0,0.5799,0.0165,0.0243,0.1388,0.7940,0.2141,1.2752,0.1733,0.1955,0.2920,0.2755,0.6041,0.1811,0.2399,0.3254,0.3497,0.1982,0.1462,0.2454,0.4008,0.5396,0.1297,0.1284,0.2129,23.6686,0.8719,0.0051,0.0975
20,5,kcenter,kcenter,0,0.7523,0.1298,0.0383,0.0670,1.0234,0.2711,2.2680,0.2917,0.4057,0.4414,0.3117,1.9870,0.3316,0.3771,0.3562,0.3178,1.8395,0.3303,0.3558,0.5275,0.4604,1.6602,0.3468,0.4148,29.8935,0.9153,0.0311,0.0571
20,6,kcenter,kcenter,0,0.6127,0.0844,0.1421,0.3399,0.9024,0.2898,1.3477,0.2052,0.2876,0.4069,0.3225,0.9491,0.2174,0.3047,0.3814,0.5235,0.2675,0.2310,0.3684,1.0217,1.3617,0.3959,0.3822,0.5516,28.1338,0.8904,0.0065,0.0797
20,7,kcenter,kcenter,0,0.8411,0.0079,0.0124,0.0536,1.0038,0.1627,1.2547,0.1352,0.1591,0.1999,0.2079,1.3369,0.1554,0.1842,0.2161,0.2285,0.4812,0.1328,0.1856,0.2743,0.3279,0.1542,0.1279,0.1834,29.8332,0.9088,0.0113,0.0670
21,0,kcenter,kcenter,0,0.7026,0.0352,0.0122,0.1495,0.9380,0.2354,1.3361,0.1941,0.2375,0.3189,0.3541,0.8617,0.2573,0.2873,0.4691,0.4813,0.5320,0.2701,0.3693,0.6770,0.8265,0.3523,0.2010,0.3595,28.4805,0.9069,0.0031,0.0678
21,1,kcenter,kcenter,0,0.8172,0.1248,0.2309,0.4569,1.0531,0.2359,0.9772,0.1296,0.2307,0.1794,0.3042,0.3375,0.1596,0.1815,0.2561,0.4870,0.2164,0.1962,0.2374,0.5233,0.9802,0.2891,0.2841,0.3523,24.6701,0.8706,0.0017,0.1010
21,2,kcenter,kcenter,0,0.9040,0.0722,0.1045,0.1384,1.0915,0.1875,0.4927,0.1258,0.1713,0.2045,0.2767,0.3528,0.1477,0.2054,0.3238,0.4282,0.2664,0.1710,0.2595,0.4174,0.5558,0.1471,0.1427,0.1867,24.6235,0.8702,0.0010,0.1019
21,3,kcenter,kcenter,0,0.6609,0.0394,0.1955,1.8935,0.7541,0.0932,1.6624,0.0565,0.0728,0.1814,0.2208,2.1484,0.1079,0.1356,0.2157,0.4112,2.4328,0.1314,0.1568,0.7456,2.6391,1.7307,0.4442,0.5046,33.1313,0.9006,0.0130,0.0724
21,4,kcenter,kcenter,0,0.5199,0.0269,0.1497,0.3933,1.0222,0.5023,1.1055,0.1604,0.2269,0.4764,0.4495,1.2636,0.2780,0.3052,0.4391,0.5888,1.4404,0.2995,0.3515,0.5173,0.9106,0.4492,0.3261,0.4015,33.6988,0.9140,0.0026,0.0660
21,5,kcenter,kcenter,0,0.7272,0.1351,0.0165,0.2433,0.9276,0.2005,1.2560,0.1231,0.2135,0.3731,0.2381,0.5612,0.1129,0.2479,0.2784,0.2949,0.1170,0.0958,0.2273,0.4793,0.7227,0.0930,0.1059,0.2514,27.1590,0.8855,0.0151,0.0847
21,6,facility,facility,0,0.0929,0.1060,0.1097,0.2874,0.0910,0.1839,1.6102,0.0475,0.0658,0.1264,0.2324,1.4995,0.0642,0.0833,0.1339,0.2436,0.4990,0.0677,0.0776,0.2834,0.5708,0.0913,0.1153,0.1085,30.7401,0.8913,0.0277,0.0754
21,7,kcenter,kcenter,0,0.0031,0.0110,0.0360,0.0651,0.0565,0.0535,1.3082,0.0195,0.0249,0.1114,0.1004,2.0887,0.0438,0.0572,0.1546,0.1186,1.6841,0.0500,0.0706,0.4401,0.3750,0.8854,0.1423,0.2006,34.1233,0.9038,0.0108,0.0721
22,0,kcenter,kcenter,0,0.6855,0.0957,0.1440,0.5472,0.9088,0.2233,0.3211,0.1150,0.1548,0.1953,0.2910,0.1955,0.1307,0.1691,0.2570,0.4011,0.1874,0.1020,0.1779,0.6217,1.1689,0.1596,0.1316,0.1962,26.5472,0.8898,0.0019,0.0795
22,1,kcenter,kcenter,0,0.8779,0.0196,0.0181,0.2205,1.0785,0.2006,1.5998,0.1407,0.1992,0.2483,0.2679,0.6378,0.1515,0.2368,0.2691,0.2872,0.2245,0.1036,0.2135,0.6234,0.8439,0.2079,0.1667,0.3126,32.8989,0.9162,0.0042,0.0609
22,2,kcenter,kcenter,0,0.9062,0.1358,0.0075,0.0043,1.0942,0.1881,1.4955,0.1475,0.1711,0.3860,0.2502,0.3474,0.1779,0.2185,0.2606,0.2681,0.1998,0.1537,0.1991,0.3602,0.3560,0.1940,0.1436,0.2087,34.0671,0.9175,0.0012,0.0561
22,3,facility,facility,0,0.0091,0.0020,0.0238,0.0483,0.0862,0.0952,1.4989,0.0249,0.0263,0.1505,0.1485,1.5505,0.0528,0.0543,0.2525,0.2287,2.0317,0.0937,0.0953,0.3242,0.2759,2.7270,0.1054,0.1107,45.5941,0.9177,0.0125,0.0557
22,4,kcenter,kcenter,0,0.7663,0.0081,0.0323,0.0784,1.0165,0.2502,0.6578,0.1839,0.2259,0.3557,0.3476,0.5036,0.2876,0.2971,0.4840,0.4517,0.4333,0.2941,0.3518,0.6577,0.7361,0.3348,0.2537,0.3217,22.6081,0.8774,0.0106,0.0857
22,5,kcenter,kcenter,0,0.6286,0.2073,0.3374,0.3888,1.1118,0.4832,1.3362,0.0707,0.1216,0.3559,0.5632,1.1544,0.0974,0.1467,0.6023,0.9397,0.7430,0.1648,0.2130,1.1260,1.5149,0.1659,0.2169,0.2821,31.2205,0.8880,0.0169,0.0819
22,6,kcenter,kcenter,0,0.8234,0.0402,0.0545,0.0815,0.9178,0.0944,0.8619,0.0212,0.0939,0.1714,0.1312,0.8229,0.0374,0.0444,0.3113,0.2568,1.1117,0.0853,0.0997,0.4959,0.4144,0.1810,0.1339,0.1622,32.6332,0.8926,0.0275,0.0790
22,7,kcenter,kcenter,0,0.7957,0.0030,0.0056,0.0049,0.9542,0.1586,1.4467,0.1488,0.1690,0.2312,0.2282,1.5236,0.1968,0.2386,0.3070,0.3127,0.6854,0.2594,0.3042,0.4604,0.4554,0.3839,0.2887,0.3743,37.0532,0.9184,0.0037,0.0604
23,0,kcenter,kcenter,0,0.0835,0.0211,0.0327,0.2900,0.2606,0.1772,2.3178,0.0442,0.0526,0.1849,0.2060,2.0017,0.0608,0.0650,0.2280,0.2607,2.1539,0.0742,0.0794,0.9144,1.2044,0.6307,0.2555,0.2342,27.2945,0.8750,0.0131,0.0931
23,1,kcenter,keydiff_cen,0,0.7075,0.0133,0.0021,0.1783,0.9267,0.2193,0.1852,0.0850,0.2099,0.2576,0.2443,0.1085,0.0658,0.1595,0.2980,0.2959,0.0600,0.0517,0.1223,0.4402,0.2619,0.0584,0.0512,0.1137,22.9122,0.8718,0.0188,0.0904
23,2,kcenter,kcenter,0,0.8256,0.0015,0.0378,0.2104,1.0035,0.1779,0.2281,0.0807,0.1692,0.2148,0.2163,0.0972,0.0679,0.1539,0.3393,0.3771,0.1245,0.0924,0.1944,0.6457,0.8562,0.1019,0.0967,0.2228,26.7775,0.8952,0.0152,0.0697
23,3,kcenter,kcenter,0,0.6279,0.0324,0.0521,0.1352,0.7883,0.1603,1.0677,0.1170,0.1681,0.1967,0.2290,0.4053,0.1306,0.1740,0.2581,0.3103,0.2834,0.1179,0.2114,0.2437,0.3789,0.1301,0.0938,0.1517,27.4982,0.9057,0.0022,0.0618
23,4,kcenter,kcenter,0,0.6475,0.0140,0.0421,0.3640,0.7159,0.0684,2.0327,0.0351,0.0468,0.0975,0.1115,2.3859,0.0590,0.0669,0.1628,0.2049,3.0392,0.0963,0.1041,0.6257,0.9897,2.9132,0.2928,0.3086,33.1128,0.8995,0.0040,0.0721
23,5,kcenter,kcenter,0,0.4626,0.0588,0.1896,0.5467,0.5736,0.1110,1.7556,0.0249,0.0296,0.1259,0.1847,1.8864,0.0359,0.0437,0.2430,0.4326,2.7159,0.0547,0.0761,0.4166,0.9633,2.3610,0.0727,0.1073,31.7271,0.8898,0.0083,0.0765
23,6,kcenter,kcenter,0,0.4833,0.1226,0.0852,0.1678,0.6349,0.1516,1.8090,0.0636,0.1547,0.3341,0.2115,1.8069,0.1015,0.1147,0.3592,0.2740,1.8450,0.1349,0.1503,0.4566,0.2888,0.8560,0.1301,0.1410,36.7539,0.9111,0.0075,0.0650
23,7,kcenter,kcenter,0,0.7183,0.1607,0.1832,0.2533,0.9288,0.2105,0.9827,0.0432,0.0692,0.1450,0.3057,0.9890,0.0739,0.0913,0.1852,0.3684,1.0147,0.1006,0.1264,0.2944,0.5477,1.5665,0.1435,0.2013,48.6170,0.9216,0.0000,0.0580
24,0,kcenter,kcenter,0,0.8468,0.0755,0.1753,0.2015,0.9525,0.1057,2.4941,0.0544,0.0669,0.1277,0.2032,3.4170,0.0969,0.1310,0.2872,0.4626,6.4863,0.1927,0.2933,0.5573,0.7588,1.6805,0.2507,0.3369,40.1174,0.9165,0.0063,0.0617
24,1,kcenter,kcenter,0,0.8295,0.0819,0.1176,0.2203,1.0609,0.2314,1.0298,0.1608,0.2354,0.2771,0.3590,0.5541,0.2157,0.2770,0.3576,0.4752,0.3170,0.1878,0.2912,0.4942,0.7146,0.1513,0.1422,0.2651,34.9373,0.9137,0.0052,0.0632
24,2,kcenter,kcenter,0,0.7686,0.0283,0.0346,0.0528,0.8495,0.0809,0.6752,0.0475,0.0870,0.1442,0.1159,0.4770,0.0631,0.1213,0.1977,0.1630,0.3319,0.0794,0.1292,0.2958,0.2430,0.0977,0.0907,0.1208,48.8191,0.9371,0.0070,0.0450
24,3,kcenter,kcenter,0,0.5800,0.1190,0.2440,0.6286,0.8498,0.2698,1.0274,0.1700,0.2556,0.2925,0.4115,0.6324,0.1675,0.2897,0.3105,0.5545,0.2429,0.1174,0.2756,0.4494,1.0780,0.1340,0.1167,0.3123,26.6850,0.8798,0.0038,0.0880
24,4,kcenter,kcenter,0,0.7790,0.0440,0.0444,0.0204,0.9663,0.1874,0.6527,0.1003,0.1793,0.2351,0.2791,0.3360,0.1469,0.2494,0.3727,0.4171,0.2075,0.1635,0.3738,0.8304,0.8508,0.2786,0.2213,0.6749,31.2648,0.8928,0.0047,0.0709
24,5,kcenter,kcenter,0,0.7506,0.0153,0.0670,0.1433,0.9255,0.1749,0.5016,0.0714,0.1737,0.2131,0.2284,0.2157,0.0631,0.1696,0.2512,0.3182,0.0514,0.0524,0.1666,0.3783,0.5216,0.0489,0.0532,0.1298,24.4699,0.8688,0.0209,0.0937
24,6,kcenter,kcenter,0,1.0827,0.0429,0.1229,0.3508,1.2313,0.1485,1.0909,0.0454,0.0811,0.1451,0.1881,0.0537,0.0528,0.0969,0.2903,0.4132,0.0752,0.0760,0.1833,0.6324,0.9832,0.0694,0.0852,0.2431,30.8264,0.8889,0.0128,0.0798
24,7,kcenter,kcenter,0,0.1473,0.0390,0.0554,0.0592,0.2068,0.0595,1.2694,0.0111,0.0605,0.1143,0.0753,0.2315,0.0148,0.0308,0.1497,0.0943,0.0180,0.0190,0.0294,0.2002,0.1410,0.0204,0.0201,0.0329,36.0107,0.8860,0.0397,0.0754
25,0,facility,facility,0,0.0188,0.0358,0.0367,0.0131,0.0631,0.0820,1.7070,0.0106,0.0448,0.1031,0.1389,0.0212,0.0214,0.0537,0.1198,0.1565,0.0244,0.0267,0.0505,0.4589,0.4458,0.0642,0.0739,0.1269,28.0098,0.8857,0.0248,0.0820
25,1,kcenter,kcenter,0,1.0905,0.0243,0.0283,0.0416,1.1953,0.1048,1.8707,0.0314,0.1083,0.1936,0.1693,1.0656,0.0411,0.0785,0.2904,0.2621,0.0535,0.0538,0.0968,0.5115,0.4699,0.0577,0.0689,0.1183,26.6318,0.8716,0.0267,0.0921
25,2,kcenter,kcenter,0,0.6561,0.0690,0.0735,0.2020,0.8734,0.2173,1.2879,0.1458,0.1952,0.3941,0.3250,1.0721,0.1860,0.2678,0.3260,0.3995,0.3220,0.1695,0.2688,0.4980,0.7001,0.2048,0.1896,0.2689,27.6375,0.8824,0.0073,0.0843
25,3,kcenter,kcenter,0,0.9534,0.0064,0.0102,0.0280,1.0696,0.1163,1.4642,0.0869,0.1180,0.1816,0.1752,0.9371,0.1322,0.1588,0.2889,0.2991,0.3869,0.2164,0.2477,0.2780,0.3060,0.1934,0.1740,0.2099,39.5460,0.9190,0.0302,0.0579
25,4,kcenter,kcenter,0,0.8812,0.0504,0.0231,0.1041,1.0883,0.2071,1.1400,0.1707,0.2385,0.2696,0.2192,1.1169,0.1714,0.2797,0.2770,0.2539,0.6379,0.1750,0.3023,0.2191,0.3233,0.4819,0.1234,0.2324,35.1617,0.9183,0.0145,0.0585
25,5,kcenter,kcenter,0,0.4629,0.0714,0.1365,0.3525,0.5723,0.1094,0.2602,0.0317,0.1100,0.2107,0.1393,0.1778,0.0348,0.0632,0.3218,0.1854,0.0507,0.0427,0.0685,0.6943,0.3418,0.0516,0.0509,0.0833,40.7808,0.9173,0.0415,0.0531
25,6,kcenter,kcenter,0,0.8820,0.0162,0.0411,0.0451,1.0194,0.1375,0.8616,0.0525,0.1270,0.1711,0.1873,0.4357,0.0431,0.1415,0.2025,0.2436,0.2614,0.0464,0.1240,0.3720,0.4171,0.1018,0.0501,0.1100,33.2038,0.9204,0.0056,0.0542
25,7,kcenter,kcenter,0,0.7926,0.0094,0.0031,0.0313,0.9399,0.1472,1.4790,0.1100,0.1490,0.2061,0.1967,0.8606,0.1392,0.1731,0.2980,0.3011,0.5379,0.1817,0.2200,0.6591,0.6904,0.5170,0.2533,0.4175,35.7602,0.9202,0.0050,0.0557
26,0,kcenter,keydiff_cen,0,0.1055,0.0569,0.0960,0.5674,0.2455,0.1400,0.0150,0.0153,0.0745,0.1866,0.2435,0.0258,0.0249,0.0878,0.2401,0.3361,0.0311,0.0317,0.0794,1.0450,1.6125,0.0862,0.0977,0.2640,29.3757,0.8734,0.0213,0.0827
26,1,kcenter,kcenter,0,0.7689,0.0133,0.0137,0.0142,0.9473,0.1784,1.0844,0.1379,0.2270,0.2910,0.3042,1.2756,0.1778,0.2534,0.4173,0.4035,0.7925,0.1944,0.2817,0.7893,0.7751,0.8984,0.2221,0.3618,33.4170,0.9244,0.0029,0.0517
26,2,kcenter,kcenter,0,0.9034,0.0317,0.0640,0.0447,1.0165,0.1131,0.2376,0.0707,0.1051,0.1826,0.1509,0.5270,0.0738,0.1125,0.2630,0.1990,0.1105,0.0786,0.1282,0.3202,0.2755,0.0900,0.0735,0.1362,31.1372,0.9024,0.0152,0.0692
26,3,kcenter,kcenter,0,0.9163,0.0894,0.1403,0.3757,1.1469,0.2306,0.6324,0.1052,0.1757,0.2191,0.3085,0.3425,0.1089,0.1976,0.3408,0.4811,0.2948,0.1198,0.2854,0.3354,0.7110,0.1813,0.1100,0.2568,37.5463,0.9267,0.0062,0.0504
26,4,kcenter,kcenter,0,0.6747,0.0682,0.0936,0.1242,0.9226,0.2479,1.3906,0.1658,0.2758,0.2870,0.3552,1.1016,0.2457,0.2872,0.4994,0.5930,1.0683,0.3347,0.4696,0.7411,0.8653,1.5276,0.3122,0.5458,29.3793,0.9065,0.0149,0.0649
26,5,kcenter,kcenter,0,0.7237,0.0136,0.1555,0.6057,0.8646,0.1408,1.5601,0.1018,0.1320,0.2023,0.2158,1.7821,0.1410,0.1978,0.3878,0.5433,2.1447,0.2370,0.3563,0.7852,1.3909,0.3134,0.3319,0.5421,31.4333,0.8899,0.0100,0.0837
26,6,kcenter,kcenter,0,0.9130,0.0119,0.0600,0.1200,1.0829,0.1699,0.5911,0.0909,0.1906,0.2310,0.2191,0.0994,0.0847,0.2072,0.3730,0.4331,0.1279,0.1213,0.3232,0.4771,0.5972,0.0952,0.0976,0.2439,29.9925,0.8980,0.0125,0.0729
26,7,kcenter,kcenter,0,0.5494,0.0110,0.0278,0.2067,0.6872,0.1378,1.9240,0.0760,0.1059,0.1608,0.1718,0.8252,0.0930,0.1427,0.2457,0.2735,0.4767,0.1187,0.1980,0.7858,0.9925,0.2132,0.2134,0.4218,31.8954,0.9064,0.0320,0.0675
27,0,kcenter,kcenter,0,0.0256,0.0030,0.0830,0.5719,0.1806,0.1550,0.1933,0.0212,0.0551,0.2033,0.2003,0.0393,0.0216,0.0572,0.2430,0.3260,0.0390,0.0266,0.0556,0.6576,1.2296,0.0734,0.0541,0.1026,34.4726,0.9017,0.0178,0.0666
27,1,kcenter,kcenter,0,1.2943,0.0402,0.0602,0.1278,1.3981,0.1038,0.8959,0.0197,0.0527,0.0901,0.1303,0.0242,0.0242,0.0624,0.0979,0.1581,0.0288,0.0274,0.0640,0.1573,0.2851,0.0379,0.0350,0.0805,29.2898,0.8858,0.0157,0.0860
27,2,kcenter,kcenter,0,0.5677,0.0023,0.0038,0.2193,0.6452,0.0775,0.8783,0.0140,0.0274,0.1115,0.1092,0.8879,0.0301,0.0445,0.2003,0.1965,0.4905,0.0578,0.0759,0.8371,0.6178,0.2048,0.1737,0.2185,47.9796,0.9231,0.0186,0.0543
27,3,kcenter,kcenter,0,0.4204,0.0071,0.0089,0.0298,0.7739,0.3535,0.7580,0.1290,0.3734,0.4193,0.4265,0.3720,0.1686,0.2435,0.6340,0.6429,0.2919,0.2331,0.3126,1.2638,1.2935,0.3703,0.3069,0.4093,26.1722,0.8870,0.0089,0.0802
27,4,kcenter,kcenter,0,0.9416,0.0629,0.1401,0.3947,1.0707,0.1291,1.5175,0.0415,0.0893,0.1272,0.1901,1.6587,0.0489,0.1006,0.2230,0.3631,0.0818,0.0779,0.1559,0.4784,0.8731,0.1088,0.1139,0.2360,25.0426,0.8712,0.0054,0.0943
27,5,kcenter,kcenter,0,0.1734,0.0963,0.1157,0.3287,0.3140,0.1406,0.2917,0.0476,0.1475,0.2480,0.1517,0.0590,0.0456,0.1148,0.3269,0.2112,0.0680,0.0507,0.1015,0.7107,0.3821,0.0652,0.0593,0.1377,24.7370,0.8715,0.0240,0.0936
27,6,kcenter,kcenter,0,0.8876,0.1232,0.1726,0.3681,1.1339,0.2463,1.7802,0.1227,0.2410,0.2862,0.4094,1.1396,0.1827,0.2624,0.4269,0.5994,1.0581,0.2141,0.3420,0.5223,0.8904,0.6477,0.2008,0.3581,34.0538,0.9128,0.0073,0.0632
27,7,kcenter,kcenter,0,0.8303,0.0651,0.0825,0.1834,0.9534,0.1231,0.4513,0.0514,0.1032,0.1321,0.1972,0.0838,0.0542,0.1203,0.1751,0.2576,0.0708,0.0629,0.1378,0.2456,0.4290,0.0920,0.0851,0.1410,28.8506,0.8904,0.0152,0.0784
28,0,kcenter,kcenter,0,0.7564,0.1089,0.1908,0.4310,0.9641,0.2077,1.6068,0.1320,0.1842,0.1709,0.2799,1.6183,0.1793,0.1942,0.2627,0.4534,2.2829,0.2344,0.2590,0.4557,0.8867,2.0297,0.3187,0.3864,45.0461,0.9355,0.0001,0.0453
28,1,kcenter,kcenter,0,0.0939,0.0181,0.0427,0.1210,0.3571,0.2631,2.0215,0.1085,0.2046,0.2884,0.3064,1.4317,0.1265,0.2278,0.3889,0.4316,0.8263,0.1629,0.2598,0.8468,0.9679,0.2383,0.2725,0.4714,22.0033,0.8590,0.0268,0.1021
28,2,kcenter,kcenter,0,0.5950,0.0110,0.0440,0.1254,0.7475,0.1525,1.5401,0.0748,0.1101,0.1803,0.1913,0.9928,0.0751,0.1233,0.2948,0.3388,0.1282,0.1033,0.1823,0.3829,0.5083,0.1098,0.1044,0.1787,27.5275,0.8845,0.0109,0.0879
28,3,kcenter,kcenter,0,0.6730,0.0534,0.0412,0.2947,1.0280,0.3550,1.5758,0.3403,0.3854,0.4561,0.4027,1.1631,0.4119,0.4601,0.4074,0.4486,0.6597,0.4148,0.4093,0.5665,0.8612,0.4187,0.4353,0.4730,28.2894,0.8976,0.0088,0.0732
28,4,kcenter,kcenter,0,0.9940,0.0323,0.0732,0.1984,1.2318,0.2377,1.4135,0.1560,0.2873,0.2682,0.3005,1.2089,0.1610,0.2548,0.3221,0.3952,0.5414,0.1870,0.3187,0.3531,0.5515,0.5622,0.2240,0.2888,30.8450,0.9028,0.0030,0.0644
28,5,kcenter,kcenter,0,0.6212,0.0780,0.1186,0.2240,0.8935,0.2723,0.9376,0.0902,0.1700,0.2482,0.3262,0.4805,0.1047,0.2035,0.3049,0.4235,0.3827,0.1222,0.2121,0.3530,0.5769,0.1647,0.1089,0.2024,31.0213,0.9067,0.0146,0.0670
28,6,kcenter,kcenter,0,0.8482,0.0887,0.1815,0.2139,1.2564,0.4082,1.6828,0.2834,0.4129,0.4051,0.4939,0.6391,0.2944,0.3311,0.6025,0.7841,0.6804,0.3135,0.4083,0.7353,0.9492,0.3930,0.2446,0.3656,30.3566,0.9084,0.0081,0.0640
28,7,kcenter,kcenter,0,0.9397,0.0963,0.1026,0.3251,1.1377,0.1979,0.7669,0.0801,0.1223,0.1813,0.2776,0.5136,0.0933,0.1598,0.1967,0.2994,0.2915,0.0931,0.1580,0.4309,0.7560,0.2293,0.1872,0.2830,41.0854,0.9256,0.0144,0.0532
29,0,kcenter,kcenter,0,0.9572,0.0281,0.0527,0.1585,1.2600,0.3028,0.5343,0.1953,0.3028,0.3493,0.3774,0.3027,0.2563,0.3489,0.4948,0.5475,0.2874,0.3073,0.4494,0.6640,0.8224,0.2809,0.2917,0.4214,24.4016,0.8775,0.0109,0.0872
29,1,kcenter,kcenter,0,0.0030,0.0059,0.0047,0.0091,0.0381,0.0351,1.0233,0.0078,0.0331,0.0563,0.0504,0.9954,0.0162,0.0235,0.0993,0.0946,0.8778,0.0371,0.0466,0.7659,0.7568,0.3382,0.2664,0.3267,28.1048,0.8521,0.0333,0.0925
29,2,kcenter,kcenter,0,0.7220,0.2016,0.1964,0.3113,1.1460,0.4240,1.3338,0.2023,0.3708,0.3454,0.5470,0.5862,0.2610,0.3388,0.4949,0.6913,0.3542,0.2412,0.4086,0.6196,0.9309,0.2659,0.2194,0.3842,29.8731,0.8990,0.0024,0.0755
29,3,kcenter,kcenter,0,0.5522,0.0844,0.0664,0.2041,1.0110,0.4588,1.2460,0.3136,0.4965,0.6040,0.5196,0.6113,0.3813,0.5175,0.5029,0.5693,0.4388,0.4075,0.5310,0.5599,0.7639,0.3515,0.3450,0.4835,27.9995,0.8949,0.0074,0.0741
29,4,kcenter,kcenter,0,0.5777,0.0283,0.1047,0.3226,0.8837,0.3060,1.3990,0.1542,0.2683,0.3294,0.3576,0.5393,0.1636,0.2781,0.3625,0.4671,0.2726,0.1639,0.2755,0.6546,0.9773,0.1577,0.1605,0.3070,31.9020,0.9096,0.0092,0.0655
29,5,kcenter,kcenter,0,0.9684,0.0108,0.0119,0.0029,1.1860,0.2176,1.1623,0.0799,0.2224,0.2697,0.2588,1.3556,0.0856,0.1965,0.3456,0.3337,0.3571,0.1015,0.1750,0.4402,0.4430,0.1622,0.1196,0.1728,30.8822,0.8991,0.0096,0.0757
29,6,kcenter,kcenter,0,0.8898,0.0308,0.0902,0.4290,1.1189,0.2290,0.2816,0.0298,0.1346,0.2150,0.2458,0.0589,0.0343,0.1062,0.2550,0.3451,0.0538,0.0369,0.0923,0.4962,0.9252,0.0423,0.0463,0.1107,23.6269,0.8629,0.0224,0.1002
29,7,kcenter,kcenter,0,0.3052,0.0352,0.0639,0.3686,0.4968,0.1915,1.1907,0.0831,0.1153,0.1625,0.1977,0.3146,0.1050,0.1333,0.2127,0.2766,0.1509,0.1438,0.1602,0.3787,0.7473,0.2046,0.2083,0.2327,26.0016,0.8756,0.0354,0.0913
30,0,kcenter,kcenter,0,0.5312,0.1623,0.2020,0.3457,0.9056,0.3744,1.3272,0.2166,0.3604,0.3490,0.5114,1.2950,0.2723,0.3426,0.4745,0.6765,0.8195,0.2843,0.4170,0.5701,0.9158,0.4317,0.2196,0.3594,28.8001,0.9045,0.0045,0.0679
30,1,kcenter,kcenter,0,0.6476,0.0005,0.1222,0.3885,1.0011,0.3535,1.7472,0.2209,0.3537,0.6324,0.6329,2.2177,0.3983,0.5015,0.8201,0.6979,1.3164,0.4100,0.5296,1.3697,0.9812,0.8526,0.4373,0.6154,31.4786,0.9090,0.0249,0.0650
30,2,kcenter,kcenter,0,0.5479,0.0411,0.0880,0.2463,0.8912,0.3433,1.5401,0.3316,0.3734,0.4911,0.5322,1.7625,0.4957,0.5282,0.5136,0.6016,1.9497,0.5189,0.5580,0.6180,0.8643,1.1174,0.5461,0.5890,33.0731,0.9218,0.0191,0.0557
30,3,kcenter,kcenter,0,0.5640,0.0153,0.0402,0.1182,0.9390,0.3749,2.1877,0.3886,0.4160,0.4615,0.4462,1.0152,0.4539,0.4909,0.6128,0.6530,0.9335,0.5245,0.6214,0.7699,0.8880,0.5923,0.5167,0.5979,24.0134,0.8751,0.0135,0.0924
30,4,kcenter,kcenter,0,0.5000,0.0619,0.1444,0.3903,0.9749,0.4749,0.9418,0.3470,0.4349,0.5416,0.6035,0.7787,0.4753,0.5750,0.5884,0.7327,0.8567,0.5185,0.5874,0.7154,1.1057,0.5648,0.5397,0.6109,29.3380,0.9021,0.0075,0.0720
30,5,kcenter,kcenter,0,0.4524,0.0957,0.1236,0.2302,0.6475,0.1952,2.2447,0.0878,0.1682,0.3734,0.2778,2.1722,0.1246,0.1806,0.4588,0.3352,2.0363,0.1458,0.2061,0.6802,0.4500,0.6227,0.1683,0.2318,37.5273,0.9074,0.0198,0.0692
30,6,kcenter,kcenter,0,0.5839,0.3082,0.2777,0.5642,0.9363,0.3525,1.0994,0.1098,0.3038,0.2010,0.5092,1.2542,0.1729,0.2459,0.2304,0.5080,1.2563,0.1962,0.2699,0.6036,1.1677,0.9742,0.5061,0.6383,34.1307,0.9184,0.0037,0.0566
30,7,kcenter,kcenter,0,0.6685,0.0675,0.0929,0.3173,1.0776,0.4092,1.5046,0.1434,0.2374,0.2994,0.3669,0.4219,0.1556,0.2711,0.3593,0.4522,0.3108,0.1628,0.2735,0.4284,0.7457,0.1640,0.1474,0.2637,30.5609,0.9010,0.0172,0.0713
31,0,facility,facility,0,0.1228,0.0907,0.0120,0.0337,0.8839,1.0067,1.6983,1.1233,1.0321,0.9923,1.0831,1.8047,1.2224,1.1299,1.0227,1.0347,1.5729,1.1297,1.0690,1.0869,1.1206,1.1277,0.8832,0.8848,27.9816,0.8981,0.0170,0.0724
31,1,kcenter,kcenter,0,0.5087,0.0603,0.0366,0.0602,0.8257,0.3170,1.5212,0.3014,0.3090,0.4576,0.5179,1.6673,0.4196,0.4670,0.6427,0.6793,1.9090,0.4809,0.5747,0.8290,0.8893,0.9253,0.4612,0.6076,24.5423,0.8716,0.0051,0.1031
31,2,kcenter,kcenter,0,0.7679,0.0212,0.0408,0.0422,1.0252,0.2573,2.0751,0.1680,0.2523,0.3374,0.3587,1.8399,0.2435,0.2967,0.5136,0.5544,1.0550,0.3849,0.4275,0.6082,0.6505,0.3128,0.2934,0.4050,29.1606,0.8768,0.0244,0.0956
31,3,kcenter,kcenter,0,0.6337,0.0060,0.0197,0.0678,0.8964,0.2627,1.3003,0.1672,0.2555,0.3548,0.3488,1.1216,0.2219,0.3180,0.4689,0.4492,1.2210,0.2675,0.3932,0.6305,0.5628,0.7026,0.2711,0.4383,30.5117,0.8978,0.0166,0.0752
31,4,kcenter,kcenter,0,0.5898,0.1281,0.0569,0.0982,1.0184,0.4285,1.2525,0.2903,0.3073,0.4391,0.5672,0.8634,0.3428,0.4744,0.5370,0.5939,0.5315,0.3162,0.4469,0.5710,0.6692,0.2967,0.2532,0.3402,25.7202,0.8974,0.0009,0.0721
31,5,kcenter,kcenter,0,0.5395,0.0033,0.0438,0.1088,0.8795,0.3400,2.3775,0.2261,0.3444,0.4444,0.4411,2.4963,0.3018,0.4080,0.5198,0.4760,1.0129,0.3395,0.4051,0.6088,0.5000,0.3762,0.3020,0.3757,25.2020,0.8718,0.0146,0.0890
31,6,kcenter,kcenter,0,0.4307,0.0138,0.0847,0.2531,0.9164,0.4857,1.1371,0.3159,0.4777,0.5641,0.5779,0.7581,0.4128,0.5532,0.7459,0.8306,0.7006,0.5390,0.6687,1.0205,1.2736,0.5107,0.4910,0.6810,30.1441,0.9048,0.0109,0.0658
31,7,kcenter,kcenter,0,0.8483,0.0039,0.0150,0.0055,1.0923,0.2439,1.4091,0.1844,0.2591,0.3363,0.3325,1.4299,0.2252,0.3263,0.3987,0.3837,1.4158,0.2361,0.3462,0.3873,0.3928,0.6963,0.2161,0.2673,31.8491,0.9141,0.0020,0.0645
